id,filename,type,size_bytes,duration,format,quality,tags
1,file_1,audio/wav,100061,3.04,low,landscape;portrait;nature
2,file_2,image/bmp,30471,0,low,art;portrait;abstract
3,file_3,audio/wav,30321,9.61,low,nature
4,file_4,image/png,354505,0,medium,nature;portrait
5,file_5,audio/wav,304020,5.99,low,landscape;portrait
6,file_6,image/bmp,490555,0,high,landscape
7,file_7,image/bmp,125640,0,high,tech;landscape
8,file_8,image/bmp,240217,0,high,nature
9,file_9,image/svg+xml,326166,0,low,portrait
10,file_10,audio/wav,265729,2.73,high,tech
11,file_11,image/bmp,149915,0,medium,abstract;portrait
12,file_12,image/bmp,321195,0,low,abstract;portrait;music
13,file_13,image/png,492769,0,medium,nature;nature
14,file_14,audio/wav,143288,2.89,medium,music;tech;landscape
15,file_15,image/bmp,265479,0,lossless,abstract;nature
16,file_16,image/png,333047,0,lossless,nature;nature
17,file_17,image/bmp,404788,0,medium,music;tech;landscape
18,file_18,image/svg+xml,289739,0,lossless,nature;nature;nature
19,file_19,audio/wav,286546,0.46,high,portrait;tech;art
20,file_20,audio/wav,22430,3.15,low,tech;landscape
21,file_21,audio/wav,350165,1.12,lossless,landscape;tech;tech
22,file_22,audio/wav,419871,8.13,lossless,tech
23,file_23,image/bmp,410695,0,lossless,abstract;landscape;abstract
24,file_24,audio/wav,140383,1.68,low,abstract;nature
25,file_25,image/svg+xml,117119,0,medium,music;music
26,file_26,audio/wav,117376,0.33,medium,music;music
27,file_27,image/png,405945,0,high,landscape;portrait
28,file_28,image/svg+xml,356763,0,high,nature
29,file_29,image/bmp,94120,0,high,nature
30,file_30,image/svg+xml,181739,0,high,portrait;portrait
31,file_31,image/png,202453,0,medium,nature;landscape
32,file_32,image/svg+xml,1386,0,medium,art;nature
33,file_33,image/bmp,327212,0,high,abstract;nature;landscape
34,file_34,image/bmp,266378,0,high,art;music;art
35,file_35,image/bmp,291171,0,medium,art
36,file_36,image/svg+xml,355609,0,medium,portrait;music;art
37,file_37,image/png,159817,0,high,art
38,file_38,image/bmp,244287,0,lossless,landscape;tech
39,file_39,image/svg+xml,416645,0,medium,nature;music;portrait
40,file_40,image/bmp,49461,0,medium,music;tech;abstract
41,file_41,audio/wav,77755,0.34,medium,portrait;abstract
42,file_42,image/png,239269,0,lossless,portrait;tech;landscape
43,file_43,image/svg+xml,259696,0,lossless,tech
44,file_44,image/png,468510,0,low,tech;tech
45,file_45,image/svg+xml,26828,0,medium,art
46,file_46,audio/wav,420673,4.7,high,portrait;abstract
47,file_47,image/svg+xml,435957,0,lossless,landscape
48,file_48,image/svg+xml,236466,0,high,abstract
49,file_49,image/bmp,402006,0,lossless,tech;music;art
50,file_50,image/png,374603,0,high,music
51,file_51,image/bmp,168119,0,low,tech
52,file_52,audio/wav,201320,6.97,medium,art
53,file_53,image/svg+xml,173977,0,lossless,nature;tech
54,file_54,image/svg+xml,204698,0,low,art;art;nature
55,file_55,image/bmp,157059,0,lossless,portrait;landscape
56,file_56,audio/wav,256472,2.27,lossless,nature;art
57,file_57,image/bmp,351182,0,lossless,tech;abstract;art
58,file_58,audio/wav,326741,5.39,lossless,portrait;landscape;nature
59,file_59,image/png,337485,0,lossless,abstract
60,file_60,image/svg+xml,95778,0,low,art;music
61,file_61,audio/wav,238893,3.34,lossless,abstract;abstract
62,file_62,image/svg+xml,132762,0,low,nature;landscape
63,file_63,image/png,499580,0,high,landscape
64,file_64,image/png,410091,0,low,tech
65,file_65,audio/wav,440497,0.3,medium,tech
66,file_66,image/svg+xml,351489,0,low,tech;art;landscape
67,file_67,image/bmp,402575,0,high,portrait
68,file_68,image/png,408286,0,medium,nature;portrait
69,file_69,image/png,487504,0,high,landscape;art;art
70,file_70,audio/wav,40344,5.96,medium,landscape
71,file_71,image/bmp,446298,0,low,abstract;nature;music
72,file_72,image/svg+xml,347327,0,high,portrait
73,file_73,image/bmp,7133,0,lossless,nature;art
74,file_74,image/bmp,333729,0,lossless,tech;art;tech
75,file_75,image/bmp,323415,0,lossless,art;abstract
76,file_76,image/bmp,169480,0,medium,music
77,file_77,image/svg+xml,128354,0,lossless,portrait;landscape;art
78,file_78,image/bmp,15547,0,lossless,tech;art
79,file_79,audio/wav,186530,8.0,high,portrait;landscape
80,file_80,image/bmp,291894,0,low,tech;nature;tech
81,file_81,image/svg+xml,256655,0,medium,art;landscape;landscape
82,file_82,image/svg+xml,235472,0,low,music
83,file_83,audio/wav,212522,6.95,high,portrait;music;art
84,file_84,image/bmp,223586,0,high,landscape;art
85,file_85,image/bmp,161258,0,high,nature
86,file_86,audio/wav,165938,1.28,medium,tech
87,file_87,image/svg+xml,145465,0,high,abstract
88,file_88,audio/wav,155818,2.35,medium,nature;landscape
89,file_89,audio/wav,144318,0.55,low,music;landscape;tech
90,file_90,image/svg+xml,54285,0,low,music;art;art
91,file_91,image/svg+xml,179128,0,medium,music
92,file_92,image/svg+xml,60314,0,low,art;nature
93,file_93,image/png,80048,0,medium,music;nature;tech
94,file_94,image/png,293090,0,lossless,portrait;abstract;portrait
95,file_95,audio/wav,407186,5.27,lossless,music;abstract
96,file_96,image/svg+xml,160607,0,low,landscape;nature;abstract
97,file_97,audio/wav,328450,2.19,low,tech
98,file_98,audio/wav,289902,0.84,low,art;landscape
99,file_99,image/svg+xml,153203,0,low,music
100,file_100,image/bmp,369067,0,lossless,landscape
101,file_101,audio/wav,484895,2.72,medium,nature;portrait
102,file_102,audio/wav,340047,1.57,high,nature
103,file_103,image/png,87491,0,high,landscape;abstract;portrait
104,file_104,image/bmp,230742,0,low,landscape;music
105,file_105,image/svg+xml,494733,0,high,portrait;art;art
106,file_106,image/png,314043,0,low,landscape;music
107,file_107,image/bmp,14060,0,low,landscape
108,file_108,image/png,401454,0,high,nature;abstract;abstract
109,file_109,audio/wav,247177,5.24,lossless,tech;portrait
110,file_110,image/svg+xml,333310,0,lossless,art
111,file_111,image/bmp,214592,0,high,landscape;nature
112,file_112,audio/wav,173412,4.18,lossless,landscape;art
113,file_113,image/png,238959,0,low,music;music
114,file_114,image/png,405537,0,lossless,abstract;nature;landscape
115,file_115,image/svg+xml,217160,0,low,portrait
116,file_116,image/bmp,326939,0,lossless,art;abstract;nature
117,file_117,audio/wav,140514,5.54,high,landscape;art
118,file_118,image/png,15635,0,medium,tech;music;portrait
119,file_119,image/png,290038,0,lossless,tech
120,file_120,image/png,242431,0,low,abstract;tech;art
121,file_121,image/bmp,267295,0,high,abstract;art
122,file_122,image/svg+xml,128285,0,lossless,tech;art;tech
123,file_123,audio/wav,453498,0.79,lossless,abstract;portrait
124,file_124,image/bmp,430704,0,low,landscape;music
125,file_125,image/svg+xml,454145,0,medium,portrait;art
126,file_126,image/bmp,174794,0,lossless,music;abstract
127,file_127,audio/wav,366190,2.46,lossless,abstract
128,file_128,image/svg+xml,23383,0,high,art;landscape;abstract
129,file_129,image/svg+xml,202916,0,medium,nature;tech
130,file_130,image/bmp,456473,0,low,nature;portrait
131,file_131,image/svg+xml,8546,0,medium,abstract;landscape
132,file_132,audio/wav,39731,4.75,high,portrait;landscape
133,file_133,image/svg+xml,341201,0,low,abstract;landscape
134,file_134,image/svg+xml,166521,0,lossless,nature;portrait;nature
135,file_135,audio/wav,331410,6.88,high,landscape
136,file_136,image/png,228026,0,low,landscape;abstract;nature
137,file_137,image/svg+xml,87723,0,high,nature
138,file_138,image/bmp,417908,0,low,music;music
139,file_139,image/svg+xml,76820,0,medium,art;portrait;landscape
140,file_140,audio/wav,89620,1.83,lossless,landscape;tech;art
141,file_141,audio/wav,122233,4.67,high,music;landscape
142,file_142,image/png,471786,0,lossless,landscape;portrait
143,file_143,audio/wav,39224,4.47,high,music;landscape;art
144,file_144,image/bmp,240013,0,high,art
145,file_145,image/svg+xml,56417,0,medium,portrait;music
146,file_146,image/bmp,367123,0,high,abstract
147,file_147,image/svg+xml,144406,0,low,abstract;landscape;abstract
148,file_148,image/png,477925,0,lossless,abstract;abstract
149,file_149,audio/wav,318776,8.04,medium,tech;portrait;music
150,file_150,audio/wav,329882,1.06,low,abstract;art
151,file_151,image/png,304363,0,high,tech;nature;music
152,file_152,image/bmp,392395,0,lossless,tech
153,file_153,audio/wav,412859,5.44,high,portrait;music;abstract
154,file_154,audio/wav,135226,9.15,lossless,landscape;abstract
155,file_155,image/bmp,422149,0,low,nature;tech
156,file_156,audio/wav,451461,6.8,lossless,music;nature;abstract
157,file_157,image/svg+xml,7797,0,high,nature;art;music
158,file_158,image/bmp,306977,0,lossless,music;nature;landscape
159,file_159,audio/wav,247689,0.35,high,tech;landscape;nature
160,file_160,image/svg+xml,477281,0,high,art;nature;tech
161,file_161,image/png,496613,0,low,art;nature
162,file_162,image/png,123602,0,medium,art;music
163,file_163,image/svg+xml,308435,0,medium,landscape;nature
164,file_164,image/svg+xml,323279,0,lossless,nature;landscape
165,file_165,image/bmp,114411,0,lossless,tech;abstract
166,file_166,image/bmp,52590,0,high,landscape;music;nature
167,file_167,image/svg+xml,145141,0,medium,abstract
168,file_168,image/svg+xml,48563,0,medium,landscape;portrait;nature
169,file_169,image/png,413006,0,high,tech
170,file_170,audio/wav,36471,8.32,medium,tech;abstract;abstract
171,file_171,audio/wav,172759,7.77,low,abstract;tech
172,file_172,audio/wav,283728,2.58,medium,landscape
173,file_173,image/png,69602,0,low,abstract;abstract
174,file_174,audio/wav,309228,3.31,medium,nature;tech
175,file_175,image/svg+xml,276320,0,low,nature;art;art
176,file_176,image/bmp,269584,0,low,portrait;tech
177,file_177,image/png,381784,0,high,landscape;nature
178,file_178,image/png,251624,0,lossless,landscape;nature
179,file_179,image/svg+xml,374003,0,lossless,nature
180,file_180,image/bmp,319423,0,medium,tech
181,file_181,image/bmp,327822,0,high,portrait;portrait
182,file_182,image/bmp,238377,0,lossless,abstract
183,file_183,image/png,447608,0,medium,art;tech
184,file_184,image/svg+xml,178197,0,lossless,art;landscape
185,file_185,image/png,164365,0,lossless,landscape;music
186,file_186,image/bmp,80526,0,lossless,nature
187,file_187,image/png,49379,0,lossless,landscape
188,file_188,image/bmp,426100,0,medium,nature;portrait;portrait
189,file_189,image/bmp,351779,0,low,music;abstract
190,file_190,image/svg+xml,455630,0,low,portrait;music
191,file_191,image/bmp,54816,0,medium,landscape
192,file_192,image/svg+xml,118068,0,low,abstract;portrait
193,file_193,image/bmp,60732,0,high,tech;abstract;art
194,file_194,image/png,319788,0,high,tech
195,file_195,image/bmp,368916,0,high,music;nature
196,file_196,audio/wav,456558,1.52,lossless,tech
197,file_197,image/png,48607,0,medium,art;art
198,file_198,image/bmp,83027,0,high,landscape;music
199,file_199,image/png,463625,0,low,tech
200,file_200,image/png,353853,0,low,art;landscape
